{"v":"5.5.7","meta":{"g":"LottieFiles AE 0.1.20","a":"","k":"","d":"","tc":""},"fr":29.9700012207031,"ip":0,"op":105.000004276738,"w":48,"h":48,"nm":"playing-icon","ddd":0,"assets":[],"layers":[{"ddd":0,"ind":1,"ty":4,"nm":"Shape Layer 1","sr":1,"ks":{"o":{"a":0,"k":100,"ix":11},"r":{"a":0,"k":0,"ix":10},"p":{"a":0,"k":[318.75,-62.125,0],"ix":2},"a":{"a":0,"k":[0,0,0],"ix":1},"s":{"a":0,"k":[100,100,100],"ix":6}},"ao":0,"shapes":[{"ty":"gr","it":[{"ind":0,"ty":"sh","ix":1,"ks":{"a":1,"k":[{"i":{"x":0.833,"y":0.833},"o":{"x":0.167,"y":0.167},"t":0,"s":[{"i":[[0,-0.718],[0,0],[0.718,0],[0,0],[0,0.718],[0,0],[-0.718,0],[0,0]],"o":[[0,0],[0,0.718],[0,0],[-0.718,0],[0,0],[0,-0.718],[0,0],[0.718,0]],"v":[[2.197,5.175],[2.143,7.2],[0.843,8.5],[-0.843,8.5],[-2.143,7.2],[-2.089,5.175],[-0.789,3.875],[0.897,3.875]],"c":true}]},{"i":{"x":0.833,"y":0.833},"o":{"x":0.167,"y":0.167},"t":10,"s":[{"i":[[0,-0.718],[0,0],[0.718,0],[0,0],[0,0.718],[0,0],[-0.718,0],[0,0]],"o":[[0,0],[0,0.718],[0,0],[-0.718,0],[0,0],[0,-0.718],[0,0],[0.718,0]],"v":[[2.143,-1.7],[2.143,7.2],[0.843,8.5],[-0.843,8.5],[-2.143,7.2],[-2.143,-1.7],[-0.843,-3],[0.843,-3]],"c":true}]},{"i":{"x":0.833,"y":0.833},"o":{"x":0.167,"y":0.167},"t":25,"s":[{"i":[[0,-0.718],[0,0],[0.718,0],[0,0],[0,0.718],[0,0],[-0.718,0],[0,0]],"o":[[0,0],[0,0.718],[0,0],[-0.718,0],[0,0],[0,-0.718],[0,0],[0.718,0]],"v":[[2.162,-8.325],[2.143,7.2],[0.843,8.5],[-0.843,8.5],[-2.143,7.2],[-2.124,-8.325],[-0.824,-9.625],[0.862,-9.625]],"c":true}]},{"i":{"x":0.833,"y":0.833},"o":{"x":0.167,"y":0.167},"t":40,"s":[{"i":[[0,-0.718],[0,0],[0.718,0],[0,0],[0,0.718],[0,0],[-0.718,0],[0,0]],"o":[[0,0],[0,0.718],[0,0],[-0.718,0],[0,0],[0,-0.718],[0,0],[0.718,0]],"v":[[2.143,-1.7],[2.143,7.2],[0.843,8.5],[-0.843,8.5],[-2.143,7.2],[-2.143,-1.7],[-0.843,-3],[0.843,-3]],"c":true}]},{"i":{"x":0.833,"y":0.833},"o":{"x":0.167,"y":0.167},"t":50,"s":[{"i":[[0,-0.718],[0,0],[0.718,0],[0,0],[0,0.718],[0,0],[-0.718,0],[0,0]],"o":[[0,0],[0,0.718],[0,0],[-0.718,0],[0,0],[0,-0.718],[0,0],[0.718,0]],"v":[[2.197,5.175],[2.143,7.2],[0.843,8.5],[-0.843,8.5],[-2.143,7.2],[-2.089,5.175],[-0.789,3.875],[0.897,3.875]],"c":true}]},{"i":{"x":0.833,"y":0.833},"o":{"x":0.167,"y":0.167},"t":60,"s":[{"i":[[0,-0.718],[0,0],[0.718,0],[0,0],[0,0.718],[0,0],[-0.718,0],[0,0]],"o":[[0,0],[0,0.718],[0,0],[-0.718,0],[0,0],[0,-0.718],[0,0],[0.718,0]],"v":[[2.143,-1.7],[2.143,7.2],[0.843,8.5],[-0.843,8.5],[-2.143,7.2],[-2.143,-1.7],[-0.843,-3],[0.843,-3]],"c":true}]},{"i":{"x":0.833,"y":0.833},"o":{"x":0.167,"y":0.167},"t":75,"s":[{"i":[[0,-0.718],[0,0],[0.718,0],[0,0],[0,0.718],[0,0],[-0.718,0],[0,0]],"o":[[0,0],[0,0.718],[0,0],[-0.718,0],[0,0],[0,-0.718],[0,0],[0.718,0]],"v":[[2.162,-8.325],[2.143,7.2],[0.843,8.5],[-0.843,8.5],[-2.143,7.2],[-2.124,-8.325],[-0.824,-9.625],[0.862,-9.625]],"c":true}]},{"i":{"x":0.833,"y":0.833},"o":{"x":0.167,"y":0.167},"t":90,"s":[{"i":[[0,-0.718],[0,0],[0.718,0],[0,0],[0,0.718],[0,0],[-0.718,0],[0,0]],"o":[[0,0],[0,0.718],[0,0],[-0.718,0],[0,0],[0,-0.718],[0,0],[0.718,0]],"v":[[2.143,-1.7],[2.143,7.2],[0.843,8.5],[-0.843,8.5],[-2.143,7.2],[-2.143,-1.7],[-0.843,-3],[0.843,-3]],"c":true}]},{"t":106.000004317469,"s":[{"i":[[0,-0.718],[0,0],[0.718,0],[0,0],[0,0.718],[0,0],[-0.718,0],[0,0]],"o":[[0,0],[0,0.718],[0,0],[-0.718,0],[0,0],[0,-0.718],[0,0],[0.718,0]],"v":[[2.197,5.175],[2.143,7.2],[0.843,8.5],[-0.843,8.5],[-2.143,7.2],[-2.089,5.175],[-0.789,3.875],[0.897,3.875]],"c":true}]}],"ix":2},"nm":"Path 1","mn":"ADBE Vector Shape - Group","hd":false},{"ty":"fl","c":{"a":0,"k":[1,1,1,1],"ix":4},"o":{"a":0,"k":100,"ix":5},"r":1,"bm":0,"nm":"Fill 1","mn":"ADBE Vector Graphic - Fill","hd":false},{"ty":"tr","p":{"a":0,"k":[-304.074,85.118],"ix":2},"a":{"a":0,"k":[0,0],"ix":1},"s":{"a":0,"k":[100,100],"ix":3},"r":{"a":0,"k":0,"ix":6},"o":{"a":0,"k":100,"ix":7},"sk":{"a":0,"k":0,"ix":4},"sa":{"a":0,"k":0,"ix":5},"nm":"Transform"}],"nm":"Rectangle 1","np":2,"cix":2,"bm":0,"ix":1,"mn":"ADBE Vector Group","hd":false}],"ip":0,"op":899.000036617021,"st":0,"bm":0},{"ddd":0,"ind":2,"ty":4,"nm":"Shape Layer 2","sr":1,"ks":{"o":{"a":0,"k":100,"ix":11},"r":{"a":0,"k":0,"ix":10},"p":{"a":0,"k":[324.833,-62.125,0],"ix":2},"a":{"a":0,"k":[0,0,0],"ix":1},"s":{"a":0,"k":[100,100,100],"ix":6}},"ao":0,"shapes":[{"ty":"gr","it":[{"ind":0,"ty":"sh","ix":1,"ks":{"a":1,"k":[{"i":{"x":0.833,"y":0.833},"o":{"x":0.167,"y":0.167},"t":0,"s":[{"i":[[0,-0.718],[0,0],[0.718,0],[0,0],[0,0.718],[0,0],[-0.718,0],[0,0]],"o":[[0,0],[0,0.718],[0,0],[-0.718,0],[0,0],[0,-0.718],[0,0],[0.718,0]],"v":[[2.243,5.293],[2.176,7.332],[0.876,8.632],[-0.876,8.632],[-2.176,7.332],[-2.109,5.293],[-0.809,3.993],[0.943,3.993]],"c":true}]},{"i":{"x":0.833,"y":0.833},"o":{"x":0.167,"y":0.167},"t":10,"s":[{"i":[[0,-0.718],[0,0],[0.718,0],[0,0],[0,0.718],[0,0],[-0.718,0],[0,0]],"o":[[0,0],[0,0.718],[0,0],[-0.718,0],[0,0],[0,-0.718],[0,0],[0.718,0]],"v":[[2.195,2.918],[2.176,7.332],[0.876,8.632],[-0.876,8.632],[-2.176,7.332],[-2.157,2.918],[-0.857,1.618],[0.895,1.618]],"c":true}]},{"i":{"x":0.833,"y":0.833},"o":{"x":0.167,"y":0.167},"t":20,"s":[{"i":[[0,-0.718],[0,0],[0.718,0],[0,0],[0,0.718],[0,0],[-0.718,0],[0,0]],"o":[[0,0],[0,0.718],[0,0],[-0.718,0],[0,0],[0,-0.718],[0,0],[0.718,0]],"v":[[2.224,-8.457],[2.176,7.332],[0.876,8.632],[-0.876,8.632],[-2.176,7.332],[-2.129,-8.457],[-0.829,-9.757],[0.924,-9.757]],"c":true}]},{"i":{"x":0.833,"y":0.833},"o":{"x":0.167,"y":0.167},"t":30,"s":[{"i":[[0,-0.718],[0,0],[0.718,0],[0,0],[0,0.718],[0,0],[-0.718,0],[0,0]],"o":[[0,0],[0,0.718],[0,0],[-0.718,0],[0,0],[0,-0.718],[0,0],[0.718,0]],"v":[[2.281,5.168],[2.176,7.332],[0.876,8.632],[-0.876,8.632],[-2.176,7.332],[-2.072,5.168],[-0.772,3.868],[0.981,3.868]],"c":true}]},{"i":{"x":0.833,"y":0.833},"o":{"x":0.167,"y":0.167},"t":40,"s":[{"i":[[0,-0.718],[0,0],[0.718,0],[0,0],[0,0.718],[0,0],[-0.718,0],[0,0]],"o":[[0,0],[0,0.718],[0,0],[-0.718,0],[0,0],[0,-0.718],[0,0],[0.718,0]],"v":[[2.224,-8.457],[2.176,7.332],[0.876,8.632],[-0.876,8.632],[-2.176,7.332],[-2.129,-8.457],[-0.829,-9.757],[0.924,-9.757]],"c":true}]},{"i":{"x":0.833,"y":0.833},"o":{"x":0.167,"y":0.167},"t":55,"s":[{"i":[[0,-0.718],[0,0],[0.718,0],[0,0],[0,0.718],[0,0],[-0.718,0],[0,0]],"o":[[0,0],[0,0.718],[0,0],[-0.718,0],[0,0],[0,-0.718],[0,0],[0.718,0]],"v":[[2.243,5.293],[2.176,7.332],[0.876,8.632],[-0.876,8.632],[-2.176,7.332],[-2.109,5.293],[-0.809,3.993],[0.943,3.993]],"c":true}]},{"i":{"x":0.833,"y":0.833},"o":{"x":0.167,"y":0.167},"t":70,"s":[{"i":[[0,-0.718],[0,0],[0.718,0],[0,0],[0,0.718],[0,0],[-0.718,0],[0,0]],"o":[[0,0],[0,0.718],[0,0],[-0.718,0],[0,0],[0,-0.718],[0,0],[0.718,0]],"v":[[2.224,-8.457],[2.176,7.332],[0.876,8.632],[-0.876,8.632],[-2.176,7.332],[-2.129,-8.457],[-0.829,-9.757],[0.924,-9.757]],"c":true}]},{"i":{"x":0.833,"y":0.833},"o":{"x":0.167,"y":0.167},"t":80,"s":[{"i":[[0,-0.718],[0,0],[0.718,0],[0,0],[0,0.718],[0,0],[-0.718,0],[0,0]],"o":[[0,0],[0,0.718],[0,0],[-0.718,0],[0,0],[0,-0.718],[0,0],[0.718,0]],"v":[[2.281,5.168],[2.176,7.332],[0.876,8.632],[-0.876,8.632],[-2.176,7.332],[-2.072,5.168],[-0.772,3.868],[0.981,3.868]],"c":true}]},{"i":{"x":0.833,"y":0.833},"o":{"x":0.167,"y":0.167},"t":90,"s":[{"i":[[0,-0.718],[0,0],[0.718,0],[0,0],[0,0.718],[0,0],[-0.718,0],[0,0]],"o":[[0,0],[0,0.718],[0,0],[-0.718,0],[0,0],[0,-0.718],[0,0],[0.718,0]],"v":[[2.224,-8.457],[2.176,7.332],[0.876,8.632],[-0.876,8.632],[-2.176,7.332],[-2.129,-8.457],[-0.829,-9.757],[0.924,-9.757]],"c":true}]},{"i":{"x":0.833,"y":0.833},"o":{"x":0.167,"y":0.167},"t":101,"s":[{"i":[[0,-0.718],[0,0],[0.718,0],[0,0],[0,0.718],[0,0],[-0.718,0],[0,0]],"o":[[0,0],[0,0.718],[0,0],[-0.718,0],[0,0],[0,-0.718],[0,0],[0.718,0]],"v":[[2.195,2.918],[2.176,7.332],[0.876,8.632],[-0.876,8.632],[-2.176,7.332],[-2.157,2.918],[-0.857,1.618],[0.895,1.618]],"c":true}]},{"t":106.000004317469,"s":[{"i":[[0,-0.718],[0,0],[0.718,0],[0,0],[0,0.718],[0,0],[-0.718,0],[0,0]],"o":[[0,0],[0,0.718],[0,0],[-0.718,0],[0,0],[0,-0.718],[0,0],[0.718,0]],"v":[[2.243,5.293],[2.176,7.332],[0.876,8.632],[-0.876,8.632],[-2.176,7.332],[-2.109,5.293],[-0.809,3.993],[0.943,3.993]],"c":true}]}],"ix":2},"nm":"Path 1","mn":"ADBE Vector Shape - Group","hd":false},{"ty":"fl","c":{"a":0,"k":[1,1,1,1],"ix":4},"o":{"a":0,"k":100,"ix":5},"r":1,"bm":0,"nm":"Fill 1","mn":"ADBE Vector Graphic - Fill","hd":false},{"ty":"tr","p":{"a":0,"k":[-304.074,85.118],"ix":2},"a":{"a":0,"k":[0,0],"ix":1},"s":{"a":0,"k":[100,100],"ix":3},"r":{"a":0,"k":0,"ix":6},"o":{"a":0,"k":100,"ix":7},"sk":{"a":0,"k":0,"ix":4},"sa":{"a":0,"k":0,"ix":5},"nm":"Transform"}],"nm":"Rectangle 1","np":3,"cix":2,"bm":0,"ix":1,"mn":"ADBE Vector Group","hd":false}],"ip":0,"op":899.000036617021,"st":0,"bm":0},{"ddd":0,"ind":3,"ty":4,"nm":"Shape Layer 3","sr":1,"ks":{"o":{"a":0,"k":100,"ix":11},"r":{"a":0,"k":0,"ix":10},"p":{"a":0,"k":[330.917,-62.125,0],"ix":2},"a":{"a":0,"k":[0,0,0],"ix":1},"s":{"a":0,"k":[100,100,100],"ix":6}},"ao":0,"shapes":[{"ty":"gr","it":[{"ind":0,"ty":"sh","ix":1,"ks":{"a":1,"k":[{"i":{"x":0.833,"y":0.833},"o":{"x":0.167,"y":0.167},"t":0,"s":[{"i":[[0,-0.718],[0,0],[0.718,0],[0,0],[0,0.718],[0,0],[-0.718,0],[0,0]],"o":[[0,0],[0,0.718],[0,0],[-0.718,0],[0,0],[0,-0.718],[0,0],[0.718,0]],"v":[[2.144,5.293],[2.176,7.332],[0.876,8.632],[-0.876,8.632],[-2.176,7.332],[-2.208,5.293],[-0.908,3.993],[0.844,3.993]],"c":true}]},{"i":{"x":0.833,"y":0.833},"o":{"x":0.167,"y":0.167},"t":10,"s":[{"i":[[0,-0.718],[0,0],[0.718,0],[0,0],[0,0.718],[0,0],[-0.718,0],[0,0]],"o":[[0,0],[0,0.718],[0,0],[-0.718,0],[0,0],[0,-0.718],[0,0],[0.718,0]],"v":[[2.205,-1.707],[2.176,7.332],[0.876,8.632],[-0.876,8.632],[-2.176,7.332],[-2.147,-1.707],[-0.847,-3.007],[0.905,-3.007]],"c":true}]},{"i":{"x":0.833,"y":0.833},"o":{"x":0.167,"y":0.167},"t":20,"s":[{"i":[[0,-0.718],[0,0],[0.718,0],[0,0],[0,0.718],[0,0],[-0.718,0],[0,0]],"o":[[0,0],[0,0.718],[0,0],[-0.718,0],[0,0],[0,-0.718],[0,0],[0.718,0]],"v":[[2.202,4.918],[2.176,7.332],[0.876,8.632],[-0.876,8.632],[-2.176,7.332],[-2.151,4.918],[-0.851,3.618],[0.902,3.618]],"c":true}]},{"i":{"x":0.833,"y":0.833},"o":{"x":0.167,"y":0.167},"t":30,"s":[{"i":[[0,-0.718],[0,0],[0.718,0],[0,0],[0,0.718],[0,0],[-0.718,0],[0,0]],"o":[[0,0],[0,0.718],[0,0],[-0.718,0],[0,0],[0,-0.718],[0,0],[0.718,0]],"v":[[2.195,-8.426],[2.176,7.332],[0.876,8.632],[-0.876,8.632],[-2.176,7.332],[-2.157,-8.426],[-0.857,-9.726],[0.895,-9.726]],"c":true}]},{"i":{"x":0.833,"y":0.833},"o":{"x":0.167,"y":0.167},"t":40,"s":[{"i":[[0,-0.718],[0,0],[0.718,0],[0,0],[0,0.718],[0,0],[-0.718,0],[0,0]],"o":[[0,0],[0,0.718],[0,0],[-0.718,0],[0,0],[0,-0.718],[0,0],[0.718,0]],"v":[[2.202,4.918],[2.176,7.332],[0.876,8.632],[-0.876,8.632],[-2.176,7.332],[-2.151,4.918],[-0.851,3.618],[0.902,3.618]],"c":true}]},{"i":{"x":0.833,"y":0.833},"o":{"x":0.167,"y":0.167},"t":50,"s":[{"i":[[0,-0.718],[0,0],[0.718,0],[0,0],[0,0.718],[0,0],[-0.718,0],[0,0]],"o":[[0,0],[0,0.718],[0,0],[-0.718,0],[0,0],[0,-0.718],[0,0],[0.718,0]],"v":[[2.205,-1.707],[2.176,7.332],[0.876,8.632],[-0.876,8.632],[-2.176,7.332],[-2.147,-1.707],[-0.847,-3.007],[0.905,-3.007]],"c":true}]},{"i":{"x":0.833,"y":0.833},"o":{"x":0.167,"y":0.167},"t":55,"s":[{"i":[[0,-0.718],[0,0],[0.718,0],[0,0],[0,0.718],[0,0],[-0.718,0],[0,0]],"o":[[0,0],[0,0.718],[0,0],[-0.718,0],[0,0],[0,-0.718],[0,0],[0.718,0]],"v":[[2.144,5.293],[2.176,7.332],[0.876,8.632],[-0.876,8.632],[-2.176,7.332],[-2.208,5.293],[-0.908,3.993],[0.844,3.993]],"c":true}]},{"i":{"x":0.833,"y":0.833},"o":{"x":0.167,"y":0.167},"t":60,"s":[{"i":[[0,-0.718],[0,0],[0.718,0],[0,0],[0,0.718],[0,0],[-0.718,0],[0,0]],"o":[[0,0],[0,0.718],[0,0],[-0.718,0],[0,0],[0,-0.718],[0,0],[0.718,0]],"v":[[2.205,-1.707],[2.176,7.332],[0.876,8.632],[-0.876,8.632],[-2.176,7.332],[-2.147,-1.707],[-0.847,-3.007],[0.905,-3.007]],"c":true}]},{"i":{"x":0.833,"y":0.833},"o":{"x":0.167,"y":0.167},"t":70,"s":[{"i":[[0,-0.718],[0,0],[0.718,0],[0,0],[0,0.718],[0,0],[-0.718,0],[0,0]],"o":[[0,0],[0,0.718],[0,0],[-0.718,0],[0,0],[0,-0.718],[0,0],[0.718,0]],"v":[[2.202,4.918],[2.176,7.332],[0.876,8.632],[-0.876,8.632],[-2.176,7.332],[-2.151,4.918],[-0.851,3.618],[0.902,3.618]],"c":true}]},{"i":{"x":0.833,"y":0.833},"o":{"x":0.167,"y":0.167},"t":80,"s":[{"i":[[0,-0.718],[0,0],[0.718,0],[0,0],[0,0.718],[0,0],[-0.718,0],[0,0]],"o":[[0,0],[0,0.718],[0,0],[-0.718,0],[0,0],[0,-0.718],[0,0],[0.718,0]],"v":[[2.195,-8.426],[2.176,7.332],[0.876,8.632],[-0.876,8.632],[-2.176,7.332],[-2.157,-8.426],[-0.857,-9.726],[0.895,-9.726]],"c":true}]},{"i":{"x":0.833,"y":0.833},"o":{"x":0.167,"y":0.167},"t":90,"s":[{"i":[[0,-0.718],[0,0],[0.718,0],[0,0],[0,0.718],[0,0],[-0.718,0],[0,0]],"o":[[0,0],[0,0.718],[0,0],[-0.718,0],[0,0],[0,-0.718],[0,0],[0.718,0]],"v":[[2.202,4.918],[2.176,7.332],[0.876,8.632],[-0.876,8.632],[-2.176,7.332],[-2.151,4.918],[-0.851,3.618],[0.902,3.618]],"c":true}]},{"i":{"x":0.833,"y":0.833},"o":{"x":0.167,"y":0.167},"t":100,"s":[{"i":[[0,-0.718],[0,0],[0.718,0],[0,0],[0,0.718],[0,0],[-0.718,0],[0,0]],"o":[[0,0],[0,0.718],[0,0],[-0.718,0],[0,0],[0,-0.718],[0,0],[0.718,0]],"v":[[2.205,-1.707],[2.176,7.332],[0.876,8.632],[-0.876,8.632],[-2.176,7.332],[-2.147,-1.707],[-0.847,-3.007],[0.905,-3.007]],"c":true}]},{"t":106.000004317469,"s":[{"i":[[0,-0.718],[0,0],[0.718,0],[0,0],[0,0.718],[0,0],[-0.718,0],[0,0]],"o":[[0,0],[0,0.718],[0,0],[-0.718,0],[0,0],[0,-0.718],[0,0],[0.718,0]],"v":[[2.144,5.293],[2.176,7.332],[0.876,8.632],[-0.876,8.632],[-2.176,7.332],[-2.208,5.293],[-0.908,3.993],[0.844,3.993]],"c":true}]}],"ix":2},"nm":"Path 1","mn":"ADBE Vector Shape - Group","hd":false},{"ty":"fl","c":{"a":0,"k":[1,1,1,1],"ix":4},"o":{"a":0,"k":100,"ix":5},"r":1,"bm":0,"nm":"Fill 1","mn":"ADBE Vector Graphic - Fill","hd":false},{"ty":"tr","p":{"a":0,"k":[-304.074,85.118],"ix":2},"a":{"a":0,"k":[0,0],"ix":1},"s":{"a":0,"k":[100,100],"ix":3},"r":{"a":0,"k":0,"ix":6},"o":{"a":0,"k":100,"ix":7},"sk":{"a":0,"k":0,"ix":4},"sa":{"a":0,"k":0,"ix":5},"nm":"Transform"}],"nm":"Rectangle 1","np":3,"cix":2,"bm":0,"ix":1,"mn":"ADBE Vector Group","hd":false}],"ip":0,"op":899.000036617021,"st":0,"bm":0},{"ddd":0,"ind":4,"ty":4,"nm":"Shape Layer 4","sr":1,"ks":{"o":{"a":0,"k":100,"ix":11},"r":{"a":0,"k":0,"ix":10},"p":{"a":0,"k":[337,-62.125,0],"ix":2},"a":{"a":0,"k":[0,0,0],"ix":1},"s":{"a":0,"k":[100,100,100],"ix":6}},"ao":0,"shapes":[{"ty":"gr","it":[{"ind":0,"ty":"sh","ix":1,"ks":{"a":1,"k":[{"i":{"x":0.833,"y":0.833},"o":{"x":0.167,"y":0.167},"t":0,"s":[{"i":[[0,-0.718],[0,0],[0.718,0],[0,0],[0,0.718],[0,0],[-0.718,0],[0,0]],"o":[[0,0],[0,0.718],[0,0],[-0.718,0],[0,0],[0,-0.718],[0,0],[0.718,0]],"v":[[2.228,5.293],[2.176,7.332],[0.876,8.632],[-0.876,8.632],[-2.176,7.332],[-2.125,5.293],[-0.825,3.993],[0.928,3.993]],"c":true}]},{"i":{"x":0.833,"y":0.833},"o":{"x":0.167,"y":0.167},"t":10,"s":[{"i":[[0,-0.718],[0,0],[0.718,0],[0,0],[0,0.718],[0,0],[-0.718,0],[0,0]],"o":[[0,0],[0,0.718],[0,0],[-0.718,0],[0,0],[0,-0.718],[0,0],[0.718,0]],"v":[[2.28,-8.582],[2.176,7.332],[0.876,8.632],[-0.876,8.632],[-2.176,7.332],[-2.072,-8.582],[-0.772,-9.882],[0.98,-9.882]],"c":true}]},{"i":{"x":0.833,"y":0.833},"o":{"x":0.167,"y":0.167},"t":25,"s":[{"i":[[0,-0.718],[0,0],[0.718,0],[0,0],[0,0.718],[0,0],[-0.718,0],[0,0]],"o":[[0,0],[0,0.718],[0,0],[-0.718,0],[0,0],[0,-0.718],[0,0],[0.718,0]],"v":[[2.31,3.761],[2.176,7.332],[0.876,8.632],[-0.876,8.632],[-2.176,7.332],[-2.042,3.761],[-0.742,2.461],[1.01,2.461]],"c":true}]},{"i":{"x":0.833,"y":0.833},"o":{"x":0.167,"y":0.167},"t":40,"s":[{"i":[[0,-0.718],[0,0],[0.718,0],[0,0],[0,0.718],[0,0],[-0.718,0],[0,0]],"o":[[0,0],[0,0.718],[0,0],[-0.718,0],[0,0],[0,-0.718],[0,0],[0.718,0]],"v":[[2.333,-5.832],[2.176,7.332],[0.876,8.632],[-0.876,8.632],[-2.176,7.332],[-2.02,-5.832],[-0.72,-7.132],[1.033,-7.132]],"c":true}]},{"i":{"x":0.833,"y":0.833},"o":{"x":0.167,"y":0.167},"t":50,"s":[{"i":[[0,-0.718],[0,0],[0.718,0],[0,0],[0,0.718],[0,0],[-0.718,0],[0,0]],"o":[[0,0],[0,0.718],[0,0],[-0.718,0],[0,0],[0,-0.718],[0,0],[0.718,0]],"v":[[2.228,5.293],[2.176,7.332],[0.876,8.632],[-0.876,8.632],[-2.176,7.332],[-2.125,5.293],[-0.825,3.993],[0.928,3.993]],"c":true}]},{"i":{"x":0.833,"y":0.833},"o":{"x":0.167,"y":0.167},"t":60,"s":[{"i":[[0,-0.718],[0,0],[0.718,0],[0,0],[0,0.718],[0,0],[-0.718,0],[0,0]],"o":[[0,0],[0,0.718],[0,0],[-0.718,0],[0,0],[0,-0.718],[0,0],[0.718,0]],"v":[[2.333,-5.832],[2.176,7.332],[0.876,8.632],[-0.876,8.632],[-2.176,7.332],[-2.02,-5.832],[-0.72,-7.132],[1.033,-7.132]],"c":true}]},{"i":{"x":0.833,"y":0.833},"o":{"x":0.167,"y":0.167},"t":75,"s":[{"i":[[0,-0.718],[0,0],[0.718,0],[0,0],[0,0.718],[0,0],[-0.718,0],[0,0]],"o":[[0,0],[0,0.718],[0,0],[-0.718,0],[0,0],[0,-0.718],[0,0],[0.718,0]],"v":[[2.31,3.761],[2.176,7.332],[0.876,8.632],[-0.876,8.632],[-2.176,7.332],[-2.042,3.761],[-0.742,2.461],[1.01,2.461]],"c":true}]},{"i":{"x":0.833,"y":0.833},"o":{"x":0.167,"y":0.167},"t":90,"s":[{"i":[[0,-0.718],[0,0],[0.718,0],[0,0],[0,0.718],[0,0],[-0.718,0],[0,0]],"o":[[0,0],[0,0.718],[0,0],[-0.718,0],[0,0],[0,-0.718],[0,0],[0.718,0]],"v":[[2.28,-8.582],[2.176,7.332],[0.876,8.632],[-0.876,8.632],[-2.176,7.332],[-2.072,-8.582],[-0.772,-9.882],[0.98,-9.882]],"c":true}]},{"t":106.000004317469,"s":[{"i":[[0,-0.718],[0,0],[0.718,0],[0,0],[0,0.718],[0,0],[-0.718,0],[0,0]],"o":[[0,0],[0,0.718],[0,0],[-0.718,0],[0,0],[0,-0.718],[0,0],[0.718,0]],"v":[[2.228,5.293],[2.176,7.332],[0.876,8.632],[-0.876,8.632],[-2.176,7.332],[-2.125,5.293],[-0.825,3.993],[0.928,3.993]],"c":true}]}],"ix":2},"nm":"Path 1","mn":"ADBE Vector Shape - Group","hd":false},{"ty":"fl","c":{"a":0,"k":[1,1,1,1],"ix":4},"o":{"a":0,"k":100,"ix":5},"r":1,"bm":0,"nm":"Fill 1","mn":"ADBE Vector Graphic - Fill","hd":false},{"ty":"tr","p":{"a":0,"k":[-304.074,85.118],"ix":2},"a":{"a":0,"k":[0,0],"ix":1},"s":{"a":0,"k":[100,100],"ix":3},"r":{"a":0,"k":0,"ix":6},"o":{"a":0,"k":100,"ix":7},"sk":{"a":0,"k":0,"ix":4},"sa":{"a":0,"k":0,"ix":5},"nm":"Transform"}],"nm":"Rectangle 1","np":3,"cix":2,"bm":0,"ix":1,"mn":"ADBE Vector Group","hd":false}],"ip":0,"op":899.000036617021,"st":0,"bm":0}],"markers":[]}