{"nm":"Render","ddd":0,"h":250,"w":250,"meta":{"g":"LottieFiles AE 3.1.1"},"layers":[{"ty":4,"nm":"Arrow Outlines 4","sr":1,"st":0,"op":300.00001221925,"ip":0,"hd":false,"ddd":0,"bm":0,"hasMask":false,"ao":0,"ks":{"a":{"a":0,"k":[13,15.5,0],"ix":1},"s":{"a":0,"k":[170,170,100],"ix":6},"sk":{"a":0,"k":0},"p":{"a":0,"k":[100.5,126,0],"ix":2},"r":{"a":0,"k":0,"ix":10},"sa":{"a":0,"k":0},"o":{"a":0,"k":100,"ix":11}},"ef":[],"shapes":[{"ty":"sh","bm":0,"hd":false,"mn":"ADBE Vector Shape - Group","nm":"Path 1","ix":1,"d":1,"ks":{"a":1,"k":[{"o":{"x":0.333,"y":0},"i":{"x":0.667,"y":1},"s":[{"c":false,"i":[[0,0],[0,0]],"o":[[0,0],[0,0]],"v":[[12.471,13.618],[12.471,14.676]]}],"t":0},{"o":{"x":0.333,"y":0},"i":{"x":0.667,"y":1},"s":[{"c":false,"i":[[0,0],[0,0]],"o":[[0,0],[0,0]],"v":[[12.471,8.103],[12.471,18.868]]}],"t":30},{"o":{"x":0.333,"y":0},"i":{"x":0.667,"y":1},"s":[{"c":false,"i":[[0,0],[0,0]],"o":[[0,0],[0,0]],"v":[[12.471,8.324],[12.471,19.235]]}],"t":45},{"o":{"x":0.333,"y":0},"i":{"x":0.667,"y":1},"s":[{"c":false,"i":[[0,0],[0,0]],"o":[[0,0],[0,0]],"v":[[12.515,4.206],[12.515,25.853]]}],"t":70},{"o":{"x":0.333,"y":0},"i":{"x":0.667,"y":1},"s":[{"c":false,"i":[[0,0],[0,0]],"o":[[0,0],[0,0]],"v":[[12.471,8.985],[12.471,17.912]]}],"t":83},{"o":{"x":0.333,"y":0},"i":{"x":0.667,"y":1},"s":[{"c":false,"i":[[0,0],[0,0]],"o":[[0,0],[0,0]],"v":[[12.515,5.309],[12.544,24.088]]}],"t":97},{"o":{"x":0.333,"y":0},"i":{"x":1,"y":1},"s":[{"c":false,"i":[[0,0],[0,0]],"o":[[0,0],[0,0]],"v":[[12.456,7.588],[12.456,20.044]]}],"t":109},{"o":{"x":0.333,"y":0},"i":{"x":1,"y":1},"s":[{"c":false,"i":[[0,0],[0,0]],"o":[[0,0],[0,0]],"v":[[12.456,6.265],[12.456,21]]}],"t":121},{"s":[{"c":false,"i":[[0,0],[0,0]],"o":[[0,0],[0,0]],"v":[[12.471,13.618],[12.471,14.676]]}],"t":128.000005213547}],"ix":2}},{"ty":"st","bm":0,"hd":false,"mn":"ADBE Vector Graphic - Stroke","nm":"Stroke 1","lc":2,"lj":1,"ml":4,"o":{"a":0,"k":100,"ix":4},"w":{"a":0,"k":4,"ix":5},"c":{"a":0,"k":[1,1,1],"ix":3}},{"ty":"sh","bm":0,"hd":false,"mn":"ADBE Vector Shape - Group","nm":"Path 2","ix":3,"d":1,"ks":{"a":0,"k":{"c":false,"i":[[0,0],[0,0]],"o":[[0,0],[0,0]],"v":[[12.441,11.118],[12.441,16.735]]},"ix":2}}],"ind":1},{"ty":4,"nm":"Arrow Outlines 3","sr":1,"st":0,"op":300.00001221925,"ip":0,"hd":false,"ddd":0,"bm":0,"hasMask":false,"ao":0,"ks":{"a":{"a":0,"k":[13,15.5,0],"ix":1},"s":{"a":0,"k":[170,170,100],"ix":6},"sk":{"a":0,"k":0},"p":{"a":0,"k":[146.75,126,0],"ix":2},"r":{"a":0,"k":0,"ix":10},"sa":{"a":0,"k":0},"o":{"a":0,"k":100,"ix":11}},"ef":[],"shapes":[{"ty":"sh","bm":0,"hd":false,"mn":"ADBE Vector Shape - Group","nm":"Path 1","ix":1,"d":1,"ks":{"a":1,"k":[{"o":{"x":0.973,"y":0},"i":{"x":0.581,"y":1},"s":[{"c":false,"i":[[0,0],[0,0]],"o":[[0,0],[0,0]],"v":[[12.471,13.618],[12.471,14.676]]}],"t":0},{"o":{"x":0.973,"y":0},"i":{"x":0.24,"y":1},"s":[{"c":false,"i":[[0,0],[0,0]],"o":[[0,0],[0,0]],"v":[[12.441,13.765],[12.441,18.353]]}],"t":30},{"o":{"x":0.973,"y":0},"i":{"x":0.24,"y":1},"s":[{"c":false,"i":[[0,0],[0,0]],"o":[[0,0],[0,0]],"v":[[12.471,13.618],[12.471,13.721]]}],"t":45},{"o":{"x":0.167,"y":0},"i":{"x":0.24,"y":1},"s":[{"c":false,"i":[[0,0],[0,0]],"o":[[0,0],[0,0]],"v":[[12.529,7.074],[12.5,15.191]]}],"t":70},{"o":{"x":0.973,"y":0},"i":{"x":0.24,"y":1},"s":[{"c":false,"i":[[0,0],[0,0]],"o":[[0,0],[0,0]],"v":[[12.456,5.529],[12.441,16.735]]}],"t":83},{"o":{"x":0.167,"y":0},"i":{"x":0.24,"y":1},"s":[{"c":false,"i":[[0,0],[0,0]],"o":[[0,0],[0,0]],"v":[[12.544,7.147],[12.515,15.044]]}],"t":97},{"o":{"x":0.973,"y":0},"i":{"x":0.592,"y":1},"s":[{"c":false,"i":[[0,0],[0,0]],"o":[[0,0],[0,0]],"v":[[12.456,3.103],[12.471,21.809]]}],"t":109},{"o":{"x":0.973,"y":0},"i":{"x":0.893,"y":1},"s":[{"c":false,"i":[[0,0],[0,0]],"o":[[0,0],[0,0]],"v":[[12.441,11.118],[12.441,16.735]]}],"t":122},{"s":[{"c":false,"i":[[0,0],[0,0]],"o":[[0,0],[0,0]],"v":[[12.471,13.618],[12.471,14.676]]}],"t":129.000005254278}],"ix":2}},{"ty":"st","bm":0,"hd":false,"mn":"ADBE Vector Graphic - Stroke","nm":"Stroke 1","lc":2,"lj":1,"ml":4,"o":{"a":0,"k":100,"ix":4},"w":{"a":0,"k":4,"ix":5},"c":{"a":0,"k":[1,1,1],"ix":3}},{"ty":"sh","bm":0,"hd":false,"mn":"ADBE Vector Shape - Group","nm":"Path 2","ix":3,"d":1,"ks":{"a":0,"k":{"c":false,"i":[[0,0],[0,0]],"o":[[0,0],[0,0]],"v":[[12.441,11.118],[12.441,16.735]]},"ix":2}}],"ind":2},{"ty":4,"nm":"Arrow Outlines 2","sr":1,"st":0,"op":300.00001221925,"ip":0,"hd":false,"ddd":0,"bm":0,"hasMask":false,"ao":0,"ks":{"a":{"a":0,"k":[13,15.5,0],"ix":1},"s":{"a":0,"k":[170,170,100],"ix":6},"sk":{"a":0,"k":0},"p":{"a":0,"k":[116.75,126,0],"ix":2},"r":{"a":0,"k":0,"ix":10},"sa":{"a":0,"k":0},"o":{"a":0,"k":100,"ix":11}},"ef":[],"shapes":[{"ty":"sh","bm":0,"hd":false,"mn":"ADBE Vector Shape - Group","nm":"Path 1","ix":1,"d":1,"ks":{"a":1,"k":[{"o":{"x":0.333,"y":0},"i":{"x":0,"y":1},"s":[{"c":false,"i":[[0,0],[0,0]],"o":[[0,0],[0,0]],"v":[[12.471,13.618],[12.471,14.676]]}],"t":0},{"o":{"x":0.333,"y":0},"i":{"x":0,"y":1},"s":[{"c":false,"i":[[0,0],[0,0]],"o":[[0,0],[0,0]],"v":[[12.441,11.118],[12.441,16.735]]}],"t":24},{"o":{"x":0.973,"y":0},"i":{"x":0.24,"y":1},"s":[{"c":false,"i":[[0,0],[0,0]],"o":[[0,0],[0,0]],"v":[[12.441,4.647],[12.441,25.706]]}],"t":41},{"o":{"x":0.973,"y":0},"i":{"x":0.24,"y":1},"s":[{"c":false,"i":[[0,0],[0,0]],"o":[[0,0],[0,0]],"v":[[12.441,11.118],[12.441,16.735]]}],"t":55},{"o":{"x":0.167,"y":0},"i":{"x":0.24,"y":1},"s":[{"c":false,"i":[[0,0],[0,0]],"o":[[0,0],[0,0]],"v":[[12.471,6.118],[12.471,20.412]]}],"t":70},{"o":{"x":0.973,"y":0},"i":{"x":0.24,"y":1},"s":[{"c":false,"i":[[0,0],[0,0]],"o":[[0,0],[0,0]],"v":[[12.456,1.926],[12.456,22.838]]}],"t":87},{"o":{"x":0.973,"y":0},"i":{"x":0,"y":1},"s":[{"c":false,"i":[[0,0],[0,0]],"o":[[0,0],[0,0]],"v":[[12.471,7.735],[12.471,20.265]]}],"t":101},{"o":{"x":0.333,"y":0},"i":{"x":0.24,"y":1},"s":[{"c":false,"i":[[0,0],[0,0]],"o":[[0,0],[0,0]],"v":[[12.441,11.118],[12.441,16.735]]}],"t":115},{"s":[{"c":false,"i":[[0,0],[0,0]],"o":[[0,0],[0,0]],"v":[[12.471,13.618],[12.471,14.676]]}],"t":134.000005457932}],"ix":2}},{"ty":"st","bm":0,"hd":false,"mn":"ADBE Vector Graphic - Stroke","nm":"Stroke 1","lc":2,"lj":1,"ml":4,"o":{"a":0,"k":100,"ix":4},"w":{"a":0,"k":4,"ix":5},"c":{"a":0,"k":[1,1,1],"ix":3}},{"ty":"sh","bm":0,"hd":false,"mn":"ADBE Vector Shape - Group","nm":"Path 2","ix":3,"d":1,"ks":{"a":0,"k":{"c":false,"i":[[0,0],[0,0]],"o":[[0,0],[0,0]],"v":[[12.441,11.118],[12.441,16.735]]},"ix":2}}],"ind":3},{"ty":4,"nm":"Arrow Outlines","sr":1,"st":0,"op":300.00001221925,"ip":0,"hd":false,"ddd":0,"bm":0,"hasMask":false,"ao":0,"ks":{"a":{"a":0,"k":[13,15.5,0],"ix":1},"s":{"a":0,"k":[170,170,100],"ix":6},"sk":{"a":0,"k":0},"p":{"a":0,"k":[131.75,126,0],"ix":2},"r":{"a":0,"k":0,"ix":10},"sa":{"a":0,"k":0},"o":{"a":0,"k":100,"ix":11}},"ef":[],"shapes":[{"ty":"sh","bm":0,"hd":false,"mn":"ADBE Vector Shape - Group","nm":"Path 1","ix":1,"d":1,"ks":{"a":1,"k":[{"o":{"x":0.973,"y":0},"i":{"x":0.581,"y":1},"s":[{"c":false,"i":[[0,0],[0,0]],"o":[[0,0],[0,0]],"v":[[12.471,13.618],[12.471,14.676]]}],"t":0},{"o":{"x":0.973,"y":0},"i":{"x":0.24,"y":1},"s":[{"c":false,"i":[[0,0],[0,0]],"o":[[0,0],[0,0]],"v":[[12.5,2],[12.5,28.5]]}],"t":30},{"o":{"x":0.973,"y":0},"i":{"x":0.24,"y":1},"s":[{"c":false,"i":[[0,0],[0,0]],"o":[[0,0],[0,0]],"v":[[12.441,11.118],[12.441,16.735]]}],"t":45},{"o":{"x":0.167,"y":0},"i":{"x":0.24,"y":1},"s":[{"c":false,"i":[[0,0],[0,0]],"o":[[0,0],[0,0]],"v":[[12.5,2],[12.5,28.5]]}],"t":70},{"o":{"x":0.973,"y":0},"i":{"x":0.24,"y":1},"s":[{"c":false,"i":[[0,0],[0,0]],"o":[[0,0],[0,0]],"v":[[12.441,11.118],[12.441,16.735]]}],"t":83},{"o":{"x":0.167,"y":0},"i":{"x":0.24,"y":1},"s":[{"c":false,"i":[[0,0],[0,0]],"o":[[0,0],[0,0]],"v":[[12.5,2],[12.5,28.5]]}],"t":97},{"o":{"x":0.973,"y":0},"i":{"x":0.24,"y":1},"s":[{"c":false,"i":[[0,0],[0,0]],"o":[[0,0],[0,0]],"v":[[12.471,5.75],[12.471,21.809]]}],"t":109},{"o":{"x":0.973,"y":0},"i":{"x":0.24,"y":1},"s":[{"c":false,"i":[[0,0],[0,0]],"o":[[0,0],[0,0]],"v":[[12.441,11.118],[12.441,16.735]]}],"t":125},{"s":[{"c":false,"i":[[0,0],[0,0]],"o":[[0,0],[0,0]],"v":[[12.471,13.618],[12.471,14.676]]}],"t":132.00000537647}],"ix":2}},{"ty":"st","bm":0,"hd":false,"mn":"ADBE Vector Graphic - Stroke","nm":"Stroke 1","lc":2,"lj":1,"ml":4,"o":{"a":0,"k":100,"ix":4},"w":{"a":0,"k":4,"ix":5},"c":{"a":0,"k":[1,1,1],"ix":3}},{"ty":"sh","bm":0,"hd":false,"mn":"ADBE Vector Shape - Group","nm":"Path 2","ix":3,"d":1,"ks":{"a":0,"k":{"c":false,"i":[[0,0],[0,0]],"o":[[0,0],[0,0]],"v":[[12.441,11.118],[12.441,16.735]]},"ix":2}}],"ind":4},{"ty":4,"nm":"cir 1","sr":1,"st":0,"op":300.00001221925,"ip":0,"hd":false,"ddd":0,"bm":0,"hasMask":false,"ao":0,"ks":{"a":{"a":0,"k":[0,0,0],"ix":1},"s":{"a":1,"k":[{"o":{"x":0.775,"y":0},"i":{"x":0.206,"y":1},"s":[111.8,111.8,100],"t":0},{"o":{"x":0.665,"y":0},"i":{"x":0.274,"y":1},"s":[120,120,100],"t":30},{"o":{"x":0.167,"y":0},"i":{"x":0.206,"y":1},"s":[111.8,111.8,100],"t":60},{"o":{"x":0.665,"y":0},"i":{"x":0.274,"y":1},"s":[120,120,100],"t":71.289},{"o":{"x":0.167,"y":0},"i":{"x":0.206,"y":1},"s":[111.8,111.8,100],"t":82.576},{"o":{"x":0.665,"y":0},"i":{"x":0.274,"y":1},"s":[120,120,100],"t":97.628},{"o":{"x":0.167,"y":0},"i":{"x":0.667,"y":1},"s":[111.8,111.8,100],"t":107.661},{"s":[111.8,111.8,100],"t":134.000005457932}],"ix":6},"sk":{"a":0,"k":0},"p":{"a":0,"k":[126.539,126.166,0],"ix":2},"r":{"a":0,"k":0,"ix":10},"sa":{"a":0,"k":0},"o":{"a":0,"k":100,"ix":11}},"ef":[],"shapes":[{"ty":"gr","bm":0,"hd":false,"mn":"ADBE Vector Group","nm":"Ellipse 1","ix":1,"cix":2,"np":3,"it":[{"ty":"el","bm":0,"hd":false,"mn":"ADBE Vector Shape - Ellipse","nm":"Ellipse Path 1","d":1,"p":{"a":0,"k":[0,0],"ix":3},"s":{"a":0,"k":[99.367,99.367],"ix":2}},{"ty":"fl","bm":0,"hd":false,"mn":"ADBE Vector Graphic - Fill","nm":"Fill 1","c":{"a":0,"k":[0.0549,0.5137,0.5333],"ix":4},"r":1,"o":{"a":0,"k":100,"ix":5}},{"ty":"tr","a":{"a":0,"k":[0,0],"ix":1},"s":{"a":0,"k":[100,100],"ix":3},"sk":{"a":0,"k":0,"ix":4},"p":{"a":0,"k":[-1.539,-1.166],"ix":2},"r":{"a":0,"k":0,"ix":6},"sa":{"a":0,"k":0,"ix":5},"o":{"a":0,"k":100,"ix":7}}]}],"ind":5},{"ty":4,"nm":"cir 2","sr":1,"st":0,"op":300.00001221925,"ip":0,"hd":false,"ddd":0,"bm":0,"hasMask":false,"ao":0,"ks":{"a":{"a":0,"k":[0,0,0],"ix":1},"s":{"a":1,"k":[{"o":{"x":0.775,"y":0},"i":{"x":0.206,"y":1},"s":[110,110,100],"t":0},{"o":{"x":0.665,"y":0},"i":{"x":0.274,"y":1},"s":[194.775,194.775,100],"t":34},{"o":{"x":0.167,"y":0},"i":{"x":0.206,"y":1},"s":[150,150,100],"t":60},{"o":{"x":0.665,"y":0},"i":{"x":0.274,"y":1},"s":[194.775,194.775,100],"t":71.289},{"o":{"x":0.167,"y":0},"i":{"x":0.206,"y":1},"s":[150,150,100],"t":82.576},{"o":{"x":0.665,"y":0},"i":{"x":0.274,"y":1},"s":[194.775,194.775,100],"t":97.628},{"o":{"x":0.167,"y":0},"i":{"x":0.274,"y":1},"s":[150,150,100],"t":117},{"s":[110,110,100],"t":123.966255049249}],"ix":6},"sk":{"a":0,"k":0},"p":{"a":0,"k":[126.539,126.166,0],"ix":2},"r":{"a":0,"k":0,"ix":10},"sa":{"a":0,"k":0},"o":{"a":0,"k":100,"ix":11}},"ef":[],"shapes":[{"ty":"gr","bm":0,"hd":false,"mn":"ADBE Vector Group","nm":"Ellipse 1","ix":1,"cix":2,"np":3,"it":[{"ty":"el","bm":0,"hd":false,"mn":"ADBE Vector Shape - Ellipse","nm":"Ellipse Path 1","d":1,"p":{"a":0,"k":[0,0],"ix":3},"s":{"a":0,"k":[99.367,99.367],"ix":2}},{"ty":"fl","bm":0,"hd":false,"mn":"ADBE Vector Graphic - Fill","nm":"Fill 1","c":{"a":0,"k":[0.0549,0.5137,0.5333],"ix":4},"r":1,"o":{"a":0,"k":10,"ix":5}},{"ty":"tr","a":{"a":0,"k":[0,0],"ix":1},"s":{"a":0,"k":[100,100],"ix":3},"sk":{"a":0,"k":0,"ix":4},"p":{"a":0,"k":[-1.539,-1.166],"ix":2},"r":{"a":0,"k":0,"ix":6},"sa":{"a":0,"k":0,"ix":5},"o":{"a":0,"k":100,"ix":7}}]}],"ind":6},{"ty":4,"nm":"cir 3","sr":1,"st":0,"op":300.00001221925,"ip":0,"hd":false,"ddd":0,"bm":0,"hasMask":false,"ao":0,"ks":{"a":{"a":0,"k":[0,0,0],"ix":1},"s":{"a":1,"k":[{"o":{"x":0.775,"y":0},"i":{"x":0.206,"y":1},"s":[110,110,100],"t":0},{"o":{"x":0.665,"y":0},"i":{"x":0.274,"y":1},"s":[230,230,100],"t":34},{"o":{"x":0.167,"y":0},"i":{"x":0.206,"y":1},"s":[190,190,100],"t":60},{"o":{"x":0.665,"y":0},"i":{"x":0.274,"y":1},"s":[230,230,100],"t":71.289},{"o":{"x":0.167,"y":0},"i":{"x":0.206,"y":1},"s":[190,190,100],"t":82.576},{"o":{"x":0.665,"y":0},"i":{"x":0.274,"y":1},"s":[230,230,100],"t":97.628},{"o":{"x":0.167,"y":0},"i":{"x":0.274,"y":1},"s":[190,190,100],"t":118},{"s":[110,110,100],"t":134.000005457932}],"ix":6},"sk":{"a":0,"k":0},"p":{"a":0,"k":[126.539,126.166,0],"ix":2},"r":{"a":0,"k":0,"ix":10},"sa":{"a":0,"k":0},"o":{"a":0,"k":100,"ix":11}},"ef":[],"shapes":[{"ty":"gr","bm":0,"hd":false,"mn":"ADBE Vector Group","nm":"Ellipse 1","ix":1,"cix":2,"np":3,"it":[{"ty":"el","bm":0,"hd":false,"mn":"ADBE Vector Shape - Ellipse","nm":"Ellipse Path 1","d":1,"p":{"a":0,"k":[0,0],"ix":3},"s":{"a":0,"k":[99.367,99.367],"ix":2}},{"ty":"fl","bm":0,"hd":false,"mn":"ADBE Vector Graphic - Fill","nm":"Fill 1","c":{"a":0,"k":[0.0549,0.5137,0.5333],"ix":4},"r":1,"o":{"a":0,"k":5,"ix":5}},{"ty":"tr","a":{"a":0,"k":[0,0],"ix":1},"s":{"a":0,"k":[100,100],"ix":3},"sk":{"a":0,"k":0,"ix":4},"p":{"a":0,"k":[-1.539,-1.166],"ix":2},"r":{"a":0,"k":0,"ix":6},"sa":{"a":0,"k":0,"ix":5},"o":{"a":0,"k":100,"ix":7}}]}],"ind":7}],"v":"4.8.0","fr":29.9700012207031,"op":135.000005498663,"ip":0,"assets":[]}